a,c4:a3:66:ba:07:be,-89,98:de:d0:ed:3f:24,-86,fc:ec:da:47:11:17,-76,fc:ec:da:47:15:3b,-59,,,,,,,,,,,,,,
a,c4:a3:66:ba:07:be,-89,98:de:d0:ed:3f:24,-86,fc:ec:da:47:11:17,-76,fc:ec:da:47:15:3b,-59,,,,,,,,,,,,,,
a,c4:a3:66:ba:07:be,-89,98:de:d0:ed:3f:24,-86,fc:ec:da:47:11:17,-76,fc:ec:da:47:15:3b,-59,,,,,,,,,,,,,,
a,c4:a3:66:ba:07:be,-89,98:de:d0:ed:3f:24,-86,fc:ec:da:47:11:17,-76,fc:ec:da:47:15:3b,-59,,,,,,,,,,,,,,
a,c4:a3:66:ba:07:be,-89,98:de:d0:ed:3f:24,-86,fc:ec:da:47:11:17,-76,fc:ec:da:47:15:3b,-60,,,,,,,,,,,,,,
a,c4:a3:66:ba:07:be,-89,98:de:d0:ed:3f:24,-86,fc:ec:da:47:11:17,-76,fc:ec:da:47:15:3b,-60,,,,,,,,,,,,,,
a,c4:a3:66:ba:07:be,-89,98:de:d0:ed:3f:24,-86,fc:ec:da:47:11:17,-76,fc:ec:da:47:15:3b,-60,,,,,,,,,,,,,,
a,c4:a3:66:ba:07:be,-89,98:de:d0:ed:3f:24,-86,fc:ec:da:47:11:17,-76,fc:ec:da:47:15:3b,-60,,,,,,,,,,,,,,
a,c4:a3:66:ba:07:be,-89,98:de:d0:ed:3f:24,-86,fc:ec:da:47:11:17,-76,fc:ec:da:47:15:3b,-60,,,,,,,,,,,,,,
a,c4:a3:66:ba:07:be,-89,98:de:d0:ed:3f:24,-86,fc:ec:da:47:11:17,-76,fc:ec:da:47:15:3b,-60,,,,,,,,,,,,,,
a,c4:a3:66:ba:07:be,-89,98:de:d0:ed:3f:24,-86,fc:ec:da:47:11:17,-76,fc:ec:da:47:15:3b,-60,,,,,,,,,,,,,,
a,c4:a3:66:ba:07:be,-89,98:de:d0:ed:3f:24,-86,fc:ec:da:47:11:17,-76,fc:ec:da:47:15:3b,-60,,,,,,,,,,,,,,
a,c4:a3:66:ba:07:be,-89,98:de:d0:ed:3f:24,-86,fc:ec:da:47:11:17,-76,fc:ec:da:47:15:3b,-60,,,,,,,,,,,,,,
a,c4:a3:66:ba:07:be,-89,98:de:d0:ed:3f:24,-86,fc:ec:da:47:11:17,-76,fc:ec:da:47:15:3b,-60,,,,,,,,,,,,,,
a,c4:a3:66:ba:07:be,-89,98:de:d0:ed:3f:24,-86,fc:ec:da:47:11:17,-76,fc:ec:da:47:15:3b,-60,,,,,,,,,,,,,,
a,c4:a3:66:ba:07:be,-89,98:de:d0:ed:3f:24,-86,fc:ec:da:47:11:17,-76,fc:ec:da:47:15:3b,-60,,,,,,,,,,,,,,
a,c4:a3:66:ba:07:be,-89,98:de:d0:ed:3f:24,-86,fc:ec:da:47:11:17,-76,fc:ec:da:47:15:3b,-61,,,,,,,,,,,,,,
a,c4:a3:66:ba:07:be,-89,98:de:d0:ed:3f:24,-86,fc:ec:da:47:11:17,-76,fc:ec:da:47:15:3b,-61,,,,,,,,,,,,,,
a,c4:a3:66:ba:07:be,-89,98:de:d0:ed:3f:24,-86,fc:ec:da:47:11:17,-76,fc:ec:da:47:15:3b,-59,,,,,,,,,,,,,,
a,c4:a3:66:ba:07:be,-89,98:de:d0:ed:3f:24,-86,fc:ec:da:47:11:17,-76,fc:ec:da:47:15:3b,-59,,,,,,,,,,,,,,
b,c4:a3:66:ba:07:be,-89,98:de:d0:ed:3f:24,-88,fc:ec:da:47:11:17,-77,fc:ec:da:47:15:3b,-62,,,,,,,,,,,,,,
b,c4:a3:66:ba:07:be,-89,98:de:d0:ed:3f:24,-88,fc:ec:da:47:11:17,-77,fc:ec:da:47:15:3b,-62,,,,,,,,,,,,,,
b,c4:a3:66:ba:07:be,-89,98:de:d0:ed:3f:24,-88,fc:ec:da:47:11:17,-77,fc:ec:da:47:15:3b,-62,,,,,,,,,,,,,,
b,c4:a3:66:ba:07:be,-89,98:de:d0:ed:3f:24,-88,fc:ec:da:47:11:17,-77,fc:ec:da:47:15:3b,-62,,,,,,,,,,,,,,
b,c4:a3:66:ba:07:be,-89,98:de:d0:ed:3f:24,-88,fc:ec:da:47:11:17,-77,fc:ec:da:47:15:3b,-62,,,,,,,,,,,,,,
b,c4:a3:66:ba:07:be,-89,98:de:d0:ed:3f:24,-88,fc:ec:da:47:11:17,-77,fc:ec:da:47:15:3b,-62,,,,,,,,,,,,,,
b,c4:a3:66:ba:07:be,-89,98:de:d0:ed:3f:24,-88,fc:ec:da:47:11:17,-77,fc:ec:da:47:15:3b,-63,,,,,,,,,,,,,,
b,c4:a3:66:ba:07:be,-89,98:de:d0:ed:3f:24,-88,fc:ec:da:47:11:17,-77,fc:ec:da:47:15:3b,-63,,,,,,,,,,,,,,
b,c4:a3:66:ba:07:be,-89,98:de:d0:ed:3f:24,-88,fc:ec:da:47:11:17,-77,fc:ec:da:47:15:3b,-63,,,,,,,,,,,,,,
b,c4:a3:66:ba:07:be,-89,98:de:d0:ed:3f:24,-88,fc:ec:da:47:11:17,-77,fc:ec:da:47:15:3b,-63,,,,,,,,,,,,,,
b,c4:a3:66:ba:07:be,-89,98:de:d0:ed:3f:24,-88,fc:ec:da:47:11:17,-77,fc:ec:da:47:15:3b,-63,,,,,,,,,,,,,,
b,c4:a3:66:ba:07:be,-89,98:de:d0:ed:3f:24,-88,fc:ec:da:47:11:17,-77,fc:ec:da:47:15:3b,-63,,,,,,,,,,,,,,
b,c4:a3:66:ba:07:be,-89,98:de:d0:ed:3f:24,-88,fc:ec:da:47:11:17,-77,fc:ec:da:47:15:3b,-61,,,,,,,,,,,,,,
b,c4:a3:66:ba:07:be,-89,98:de:d0:ed:3f:24,-88,fc:ec:da:47:11:17,-77,fc:ec:da:47:15:3b,-61,,,,,,,,,,,,,,
b,c4:a3:66:ba:07:be,-89,98:de:d0:ed:3f:24,-88,fc:ec:da:47:11:17,-77,fc:ec:da:47:15:3b,-61,,,,,,,,,,,,,,
b,c4:a3:66:ba:07:be,-89,98:de:d0:ed:3f:24,-88,fc:ec:da:47:11:17,-77,fc:ec:da:47:15:3b,-62,,,,,,,,,,,,,,
b,c4:a3:66:ba:07:be,-89,98:de:d0:ed:3f:24,-88,fc:ec:da:47:11:17,-77,fc:ec:da:47:15:3b,-62,,,,,,,,,,,,,,
b,c4:a3:66:ba:07:be,-89,98:de:d0:ed:3f:24,-88,fc:ec:da:47:11:17,-77,fc:ec:da:47:15:3b,-62,,,,,,,,,,,,,,
b,c4:a3:66:ba:07:be,-89,98:de:d0:ed:3f:24,-88,fc:ec:da:47:11:17,-77,fc:ec:da:47:15:3b,-62,,,,,,,,,,,,,,
b,c4:a3:66:ba:07:be,-89,98:de:d0:ed:3f:24,-88,fc:ec:da:47:11:17,-77,fc:ec:da:47:15:3b,-62,,,,,,,,,,,,,,
c,c4:a3:66:ba:07:be,-89,98:de:d0:ed:3f:24,-88,fc:ec:da:47:11:17,-67,fc:ec:da:47:15:3b,-60,,,,,,,,,,,,,64:70:02:3f:4e:59,-88
c,c4:a3:66:ba:07:be,-89,98:de:d0:ed:3f:24,-88,fc:ec:da:47:11:17,-67,fc:ec:da:47:15:3b,-60,,,,,,,,,,,,,64:70:02:3f:4e:59,-88
c,c4:a3:66:ba:07:be,-89,98:de:d0:ed:3f:24,-88,fc:ec:da:47:11:17,-67,fc:ec:da:47:15:3b,-60,,,,,,,,,,,,,64:70:02:3f:4e:59,-88
c,c4:a3:66:ba:07:be,-89,98:de:d0:ed:3f:24,-88,fc:ec:da:47:11:17,-67,fc:ec:da:47:15:3b,-60,,,,,,,,,,,,,64:70:02:3f:4e:59,-88
c,c4:a3:66:ba:07:be,-89,98:de:d0:ed:3f:24,-88,fc:ec:da:47:11:17,-67,fc:ec:da:47:15:3b,-65,,,,,,,,,,,,,64:70:02:3f:4e:59,-88
c,c4:a3:66:ba:07:be,-89,98:de:d0:ed:3f:24,-88,fc:ec:da:47:11:17,-67,fc:ec:da:47:15:3b,-65,,,,,,,,,,,,,64:70:02:3f:4e:59,-88
c,c4:a3:66:ba:07:be,-89,98:de:d0:ed:3f:24,-88,fc:ec:da:47:11:17,-67,fc:ec:da:47:15:3b,-65,,,,,,,,,,,,,64:70:02:3f:4e:59,-88
c,c4:a3:66:ba:07:be,-89,98:de:d0:ed:3f:24,-88,fc:ec:da:47:11:17,-67,fc:ec:da:47:15:3b,-65,,,,,,,,,,,,,64:70:02:3f:4e:59,-88
c,c4:a3:66:ba:07:be,-89,98:de:d0:ed:3f:24,-88,fc:ec:da:47:11:17,-67,fc:ec:da:47:15:3b,-65,,,,,,,,,,,,,64:70:02:3f:4e:59,-88
c,c4:a3:66:ba:07:be,-89,98:de:d0:ed:3f:24,-88,fc:ec:da:47:11:17,-67,fc:ec:da:47:15:3b,-65,,,,,,,,,,,,,64:70:02:3f:4e:59,-88
c,c4:a3:66:ba:07:be,-89,98:de:d0:ed:3f:24,-88,fc:ec:da:47:11:17,-67,fc:ec:da:47:15:3b,-63,,,,,,,,,,,,,64:70:02:3f:4e:59,-88
c,c4:a3:66:ba:07:be,-89,98:de:d0:ed:3f:24,-88,fc:ec:da:47:11:17,-67,fc:ec:da:47:15:3b,-63,,,,,,,,,,,,,64:70:02:3f:4e:59,-88
c,c4:a3:66:ba:07:be,-89,98:de:d0:ed:3f:24,-88,fc:ec:da:47:11:17,-67,fc:ec:da:47:15:3b,-63,,,,,,,,,,,,,64:70:02:3f:4e:59,-88
c,c4:a3:66:ba:07:be,-89,98:de:d0:ed:3f:24,-88,fc:ec:da:47:11:17,-67,fc:ec:da:47:15:3b,-63,,,,,,,,,,,,,64:70:02:3f:4e:59,-88
c,c4:a3:66:ba:07:be,-89,98:de:d0:ed:3f:24,-88,fc:ec:da:47:11:17,-67,fc:ec:da:47:15:3b,-63,,,,,,,,,,,,,64:70:02:3f:4e:59,-88
c,c4:a3:66:ba:07:be,-89,98:de:d0:ed:3f:24,-88,fc:ec:da:47:11:17,-67,fc:ec:da:47:15:3b,-63,,,,,,,,,,,,,64:70:02:3f:4e:59,-88
c,c4:a3:66:ba:07:be,-89,98:de:d0:ed:3f:24,-88,fc:ec:da:47:11:17,-67,fc:ec:da:47:15:3b,-62,,,,,,,,,,,,,64:70:02:3f:4e:59,-88
c,c4:a3:66:ba:07:be,-89,98:de:d0:ed:3f:24,-88,fc:ec:da:47:11:17,-67,fc:ec:da:47:15:3b,-62,,,,,,,,,,,,,64:70:02:3f:4e:59,-88
c,c4:a3:66:ba:07:be,-89,98:de:d0:ed:3f:24,-88,fc:ec:da:47:11:17,-67,fc:ec:da:47:15:3b,-62,,,,,,,,,,,,,64:70:02:3f:4e:59,-88
c,c4:a3:66:ba:07:be,-89,98:de:d0:ed:3f:24,-88,fc:ec:da:47:11:17,-67,fc:ec:da:47:15:3b,-62,,,,,,,,,,,,,64:70:02:3f:4e:59,-88
d,c4:a3:66:ba:07:be,-80,98:de:d0:ed:3f:24,-88,fc:ec:da:47:11:17,-61,fc:ec:da:47:15:3b,-64,,,,,,,,,,,,-72,64:70:02:3f:4e:59,-88
d,c4:a3:66:ba:07:be,-80,98:de:d0:ed:3f:24,-88,fc:ec:da:47:11:17,-61,fc:ec:da:47:15:3b,-67,,,,,,,,,,,,-72,64:70:02:3f:4e:59,-88
d,c4:a3:66:ba:07:be,-80,98:de:d0:ed:3f:24,-88,fc:ec:da:47:11:17,-61,fc:ec:da:47:15:3b,-67,,,,,,,,,,,,-72,64:70:02:3f:4e:59,-88
d,c4:a3:66:ba:07:be,-80,98:de:d0:ed:3f:24,-88,fc:ec:da:47:11:17,-61,fc:ec:da:47:15:3b,-67,,,,,,,,,,,,-72,64:70:02:3f:4e:59,-88
d,c4:a3:66:ba:07:be,-80,98:de:d0:ed:3f:24,-88,fc:ec:da:47:11:17,-61,fc:ec:da:47:15:3b,-67,,,,,,,,,,,,-72,64:70:02:3f:4e:59,-88
d,c4:a3:66:ba:07:be,-80,98:de:d0:ed:3f:24,-88,fc:ec:da:47:11:17,-61,fc:ec:da:47:15:3b,-67,,,,,,,,,,,,-72,64:70:02:3f:4e:59,-88
d,c4:a3:66:ba:07:be,-80,98:de:d0:ed:3f:24,-88,fc:ec:da:47:11:17,-61,fc:ec:da:47:15:3b,-67,,,,,,,,,,,,-72,64:70:02:3f:4e:59,-88
d,c4:a3:66:ba:07:be,-80,98:de:d0:ed:3f:24,-88,fc:ec:da:47:11:17,-61,fc:ec:da:47:15:3b,-65,,,,,,,,,,,,-72,64:70:02:3f:4e:59,-88
d,c4:a3:66:ba:07:be,-80,98:de:d0:ed:3f:24,-88,fc:ec:da:47:11:17,-61,fc:ec:da:47:15:3b,-65,,,,,,,,,,,,-72,64:70:02:3f:4e:59,-88
d,c4:a3:66:ba:07:be,-80,98:de:d0:ed:3f:24,-88,fc:ec:da:47:11:17,-61,fc:ec:da:47:15:3b,-65,,,,,,,,,,,,-72,64:70:02:3f:4e:59,-88
d,c4:a3:66:ba:07:be,-80,98:de:d0:ed:3f:24,-88,fc:ec:da:47:11:17,-61,fc:ec:da:47:15:3b,-65,,,,,,,,,,,,-72,64:70:02:3f:4e:59,-88
d,c4:a3:66:ba:07:be,-80,98:de:d0:ed:3f:24,-88,fc:ec:da:47:11:17,-61,fc:ec:da:47:15:3b,-65,,,,,,,,,,,,-72,64:70:02:3f:4e:59,-88
d,c4:a3:66:ba:07:be,-80,98:de:d0:ed:3f:24,-88,fc:ec:da:47:11:17,-61,fc:ec:da:47:15:3b,-63,,,,,,,,,,,,-72,64:70:02:3f:4e:59,-88
d,c4:a3:66:ba:07:be,-80,98:de:d0:ed:3f:24,-88,fc:ec:da:47:11:17,-61,fc:ec:da:47:15:3b,-63,,,,,,,,,,,,-72,64:70:02:3f:4e:59,-88
d,c4:a3:66:ba:07:be,-80,98:de:d0:ed:3f:24,-88,fc:ec:da:47:11:17,-61,fc:ec:da:47:15:3b,-63,,,,,,,,,,,,-72,64:70:02:3f:4e:59,-88
d,c4:a3:66:ba:07:be,-80,98:de:d0:ed:3f:24,-88,fc:ec:da:47:11:17,-61,fc:ec:da:47:15:3b,-63,,,,,,,,,,,,-72,64:70:02:3f:4e:59,-88
d,c4:a3:66:ba:07:be,-80,98:de:d0:ed:3f:24,-88,fc:ec:da:47:11:17,-61,fc:ec:da:47:15:3b,-63,,,,,,,,,,,,-72,64:70:02:3f:4e:59,-88
d,c4:a3:66:ba:07:be,-80,98:de:d0:ed:3f:24,-88,fc:ec:da:47:11:17,-61,fc:ec:da:47:15:3b,-63,,,,,,,,,,,,-72,64:70:02:3f:4e:59,-88
d,c4:a3:66:ba:07:be,-80,98:de:d0:ed:3f:24,-88,fc:ec:da:47:11:17,-61,fc:ec:da:47:15:3b,-63,,,,,,,,,,,,-72,64:70:02:3f:4e:59,-88
d,c4:a3:66:ba:07:be,-80,98:de:d0:ed:3f:24,-88,fc:ec:da:47:11:17,-61,fc:ec:da:47:15:3b,-63,,,,,,,,,,,,-72,64:70:02:3f:4e:59,-88
e,c4:a3:66:ba:07:be,-80,98:de:d0:ed:3f:24,-84,fc:ec:da:47:11:17,-60,fc:ec:da:47:15:3b,-69,,,,,,,,,,,,,,
e,c4:a3:66:ba:07:be,-80,98:de:d0:ed:3f:24,-84,fc:ec:da:47:11:17,-60,fc:ec:da:47:15:3b,-69,,,,,,,,,,,,,,
e,c4:a3:66:ba:07:be,-80,98:de:d0:ed:3f:24,-84,fc:ec:da:47:11:17,-60,fc:ec:da:47:15:3b,-69,,,,,,,,,,,,,,
e,c4:a3:66:ba:07:be,-80,98:de:d0:ed:3f:24,-84,fc:ec:da:47:11:17,-60,fc:ec:da:47:15:3b,-69,,,,,,,,,,,,,,
e,c4:a3:66:ba:07:be,-80,98:de:d0:ed:3f:24,-84,fc:ec:da:47:11:17,-60,fc:ec:da:47:15:3b,-69,,,,,,,,,,,,,,
e,c4:a3:66:ba:07:be,-80,98:de:d0:ed:3f:24,-84,fc:ec:da:47:11:17,-60,fc:ec:da:47:15:3b,-68,,,,,,,,,,,,,,
e,c4:a3:66:ba:07:be,-80,98:de:d0:ed:3f:24,-84,fc:ec:da:47:11:17,-60,fc:ec:da:47:15:3b,-68,,,,,,,,,,,,,,
e,c4:a3:66:ba:07:be,-80,98:de:d0:ed:3f:24,-84,fc:ec:da:47:11:17,-60,fc:ec:da:47:15:3b,-68,,,,,,,,,,,,,,
e,c4:a3:66:ba:07:be,-80,98:de:d0:ed:3f:24,-84,fc:ec:da:47:11:17,-60,fc:ec:da:47:15:3b,-68,,,,,,,,,,,,,,
e,c4:a3:66:ba:07:be,-80,98:de:d0:ed:3f:24,-84,fc:ec:da:47:11:17,-60,fc:ec:da:47:15:3b,-68,,,,,,,,,,,,,,
e,c4:a3:66:ba:07:be,-80,98:de:d0:ed:3f:24,-84,fc:ec:da:47:11:17,-60,fc:ec:da:47:15:3b,-70,,,,,,,,,,,,,,
e,c4:a3:66:ba:07:be,-80,98:de:d0:ed:3f:24,-84,fc:ec:da:47:11:17,-60,fc:ec:da:47:15:3b,-70,,,,,,,,,,,,,,
e,c4:a3:66:ba:07:be,-80,98:de:d0:ed:3f:24,-84,fc:ec:da:47:11:17,-60,fc:ec:da:47:15:3b,-70,,,,,,,,,,,,,,
e,c4:a3:66:ba:07:be,-80,98:de:d0:ed:3f:24,-84,fc:ec:da:47:11:17,-60,fc:ec:da:47:15:3b,-70,,,,,,,,,,,,,,
e,c4:a3:66:ba:07:be,-80,98:de:d0:ed:3f:24,-84,fc:ec:da:47:11:17,-60,fc:ec:da:47:15:3b,-70,,,,,,,,,,,,,,
e,c4:a3:66:ba:07:be,-80,98:de:d0:ed:3f:24,-84,fc:ec:da:47:11:17,-60,fc:ec:da:47:15:3b,-70,,,,,,,,,,,,,,
e,c4:a3:66:ba:07:be,-80,98:de:d0:ed:3f:24,-84,fc:ec:da:47:11:17,-60,fc:ec:da:47:15:3b,-71,,,,,,,,,,,,,,
e,c4:a3:66:ba:07:be,-80,98:de:d0:ed:3f:24,-84,fc:ec:da:47:11:17,-60,fc:ec:da:47:15:3b,-71,,,,,,,,,,,,,,
e,c4:a3:66:ba:07:be,-80,98:de:d0:ed:3f:24,-84,fc:ec:da:47:11:17,-60,fc:ec:da:47:15:3b,-71,,,,,,,,,,,,,,
e,c4:a3:66:ba:07:be,-80,98:de:d0:ed:3f:24,-84,fc:ec:da:47:11:17,-60,fc:ec:da:47:15:3b,-71,,,,,,,,,,,,,,
f,c4:a3:66:ba:07:be,-80,98:de:d0:ed:3f:24,-84,fc:ec:da:47:11:17,-60,fc:ec:da:47:15:3b,-74,,,,,,,,,,,,,,
f,c4:a3:66:ba:07:be,-80,98:de:d0:ed:3f:24,-84,fc:ec:da:47:11:17,-60,fc:ec:da:47:15:3b,-74,,,,,,,,,,,,,,
f,c4:a3:66:ba:07:be,-80,98:de:d0:ed:3f:24,-84,fc:ec:da:47:11:17,-60,fc:ec:da:47:15:3b,-74,,,,,,,,,,,,,,
f,c4:a3:66:ba:07:be,-80,98:de:d0:ed:3f:24,-84,fc:ec:da:47:11:17,-60,fc:ec:da:47:15:3b,-74,,,,,,,,,,,,,,
f,c4:a3:66:ba:07:be,-80,98:de:d0:ed:3f:24,-84,fc:ec:da:47:11:17,-60,fc:ec:da:47:15:3b,-72,,,,,,,,,,,,,,
f,c4:a3:66:ba:07:be,-80,98:de:d0:ed:3f:24,-84,fc:ec:da:47:11:17,-60,fc:ec:da:47:15:3b,-72,,,,,,,,,,,,,,
f,c4:a3:66:ba:07:be,-80,98:de:d0:ed:3f:24,-84,fc:ec:da:47:11:17,-60,fc:ec:da:47:15:3b,-72,,,,,,,,,,,,,,
f,c4:a3:66:ba:07:be,-80,98:de:d0:ed:3f:24,-84,fc:ec:da:47:11:17,-60,fc:ec:da:47:15:3b,-72,,,,,,,,,,,,,,
f,c4:a3:66:ba:07:be,-80,98:de:d0:ed:3f:24,-84,fc:ec:da:47:11:17,-60,fc:ec:da:47:15:3b,-72,,,,,,,,,,,,,,
f,c4:a3:66:ba:07:be,-80,98:de:d0:ed:3f:24,-84,fc:ec:da:47:11:17,-60,fc:ec:da:47:15:3b,-72,,,,,,,,,,,,,,
f,c4:a3:66:ba:07:be,-80,98:de:d0:ed:3f:24,-84,fc:ec:da:47:11:17,-60,fc:ec:da:47:15:3b,-71,,,,,,,,,,,,,,
f,c4:a3:66:ba:07:be,-80,98:de:d0:ed:3f:24,-84,fc:ec:da:47:11:17,-60,fc:ec:da:47:15:3b,-71,,,,,,,,,,,,,,
f,c4:a3:66:ba:07:be,-80,98:de:d0:ed:3f:24,-84,fc:ec:da:47:11:17,-60,fc:ec:da:47:15:3b,-71,,,,,,,,,,,,,,
f,c4:a3:66:ba:07:be,-80,98:de:d0:ed:3f:24,-84,fc:ec:da:47:11:17,-60,fc:ec:da:47:15:3b,-71,,,,,,,,,,,,,,
f,c4:a3:66:ba:07:be,-80,98:de:d0:ed:3f:24,-84,fc:ec:da:47:11:17,-60,fc:ec:da:47:15:3b,-71,,,,,,,,,,,,,,
f,c4:a3:66:ba:07:be,-80,98:de:d0:ed:3f:24,-84,fc:ec:da:47:11:17,-60,fc:ec:da:47:15:3b,-71,,,,,,,,,,,,,,
f,c4:a3:66:ba:07:be,-80,98:de:d0:ed:3f:24,-84,fc:ec:da:47:11:17,-60,fc:ec:da:47:15:3b,-72,,,,,,,,,,,,,,
f,c4:a3:66:ba:07:be,-80,98:de:d0:ed:3f:24,-84,fc:ec:da:47:11:17,-60,fc:ec:da:47:15:3b,-72,,,,,,,,,,,,,,
f,c4:a3:66:ba:07:be,-80,98:de:d0:ed:3f:24,-84,fc:ec:da:47:11:17,-60,fc:ec:da:47:15:3b,-72,,,,,,,,,,,,,,
f,c4:a3:66:ba:07:be,-80,98:de:d0:ed:3f:24,-84,fc:ec:da:47:11:17,-60,fc:ec:da:47:15:3b,-72,,,,,,,,,,,,,,
g,c4:a3:66:ba:07:be,-84,98:de:d0:ed:3f:24,-86,fc:ec:da:47:11:17,-64,fc:ec:da:47:15:3b,-73,,,,,,,,,,,,,,
g,c4:a3:66:ba:07:be,-84,98:de:d0:ed:3f:24,-86,fc:ec:da:47:11:17,-64,fc:ec:da:47:15:3b,-73,,,,,,,,,,,,,,
g,c4:a3:66:ba:07:be,-84,98:de:d0:ed:3f:24,-86,fc:ec:da:47:11:17,-64,fc:ec:da:47:15:3b,-73,,,,,,,,,,,,,,
g,c4:a3:66:ba:07:be,-84,98:de:d0:ed:3f:24,-86,fc:ec:da:47:11:17,-64,fc:ec:da:47:15:3b,-73,,,,,,,,,,,,,,
g,c4:a3:66:ba:07:be,-84,98:de:d0:ed:3f:24,-86,fc:ec:da:47:11:17,-64,fc:ec:da:47:15:3b,-73,,,,,,,,,,,,,,
g,c4:a3:66:ba:07:be,-84,98:de:d0:ed:3f:24,-86,fc:ec:da:47:11:17,-64,fc:ec:da:47:15:3b,-73,,,,,,,,,,,,,,
g,c4:a3:66:ba:07:be,-84,98:de:d0:ed:3f:24,-86,fc:ec:da:47:11:17,-64,fc:ec:da:47:15:3b,-73,,,,,,,,,,,,,,
g,c4:a3:66:ba:07:be,-84,98:de:d0:ed:3f:24,-86,fc:ec:da:47:11:17,-64,fc:ec:da:47:15:3b,-73,,,,,,,,,,,,,,
g,c4:a3:66:ba:07:be,-84,98:de:d0:ed:3f:24,-86,fc:ec:da:47:11:17,-64,fc:ec:da:47:15:3b,-73,,,,,,,,,,,,,,
g,c4:a3:66:ba:07:be,-84,98:de:d0:ed:3f:24,-86,fc:ec:da:47:11:17,-64,fc:ec:da:47:15:3b,-73,,,,,,,,,,,,,,
g,c4:a3:66:ba:07:be,-84,98:de:d0:ed:3f:24,-86,fc:ec:da:47:11:17,-64,fc:ec:da:47:15:3b,-73,,,,,,,,,,,,,,
g,c4:a3:66:ba:07:be,-84,98:de:d0:ed:3f:24,-86,fc:ec:da:47:11:17,-64,fc:ec:da:47:15:3b,-73,,,,,,,,,,,,,,
g,c4:a3:66:ba:07:be,-84,98:de:d0:ed:3f:24,-86,fc:ec:da:47:11:17,-64,fc:ec:da:47:15:3b,-73,,,,,,,,,,,,,,
g,c4:a3:66:ba:07:be,-84,98:de:d0:ed:3f:24,-86,fc:ec:da:47:11:17,-64,fc:ec:da:47:15:3b,-73,,,,,,,,,,,,,,
g,c4:a3:66:ba:07:be,-84,98:de:d0:ed:3f:24,-86,fc:ec:da:47:11:17,-64,fc:ec:da:47:15:3b,-73,,,,,,,,,,,,,,
g,c4:a3:66:ba:07:be,-84,98:de:d0:ed:3f:24,-86,fc:ec:da:47:11:17,-64,fc:ec:da:47:15:3b,-73,,,,,,,,,,,,,,
g,c4:a3:66:ba:07:be,-84,98:de:d0:ed:3f:24,-86,fc:ec:da:47:11:17,-64,fc:ec:da:47:15:3b,-73,,,,,,,,,,,,,,
g,c4:a3:66:ba:07:be,-84,98:de:d0:ed:3f:24,-86,fc:ec:da:47:11:17,-64,fc:ec:da:47:15:3b,-73,,,,,,,,,,,,,,
g,c4:a3:66:ba:07:be,-84,98:de:d0:ed:3f:24,-86,fc:ec:da:47:11:17,-64,fc:ec:da:47:15:3b,-73,,,,,,,,,,,,,,
g,c4:a3:66:ba:07:be,-84,98:de:d0:ed:3f:24,-86,fc:ec:da:47:11:17,-64,fc:ec:da:47:15:3b,-73,,,,,,,,,,,,,,
h,c4:a3:66:ba:07:be,-80,98:de:d0:ed:3f:24,-86,fc:ec:da:47:11:17,-64,fc:ec:da:47:15:3b,-76,,,,,,,,,,,,,,
h,c4:a3:66:ba:07:be,-80,98:de:d0:ed:3f:24,-86,fc:ec:da:47:11:17,-64,fc:ec:da:47:15:3b,-76,,,,,,,,,,,,,,
h,c4:a3:66:ba:07:be,-80,98:de:d0:ed:3f:24,-86,fc:ec:da:47:11:17,-64,fc:ec:da:47:15:3b,-76,,,,,,,,,,,,,,
h,c4:a3:66:ba:07:be,-80,98:de:d0:ed:3f:24,-86,fc:ec:da:47:11:17,-64,fc:ec:da:47:15:3b,-76,,,,,,,,,,,,,,
h,c4:a3:66:ba:07:be,-80,98:de:d0:ed:3f:24,-86,fc:ec:da:47:11:17,-64,fc:ec:da:47:15:3b,-76,,,,,,,,,,,,,,
h,c4:a3:66:ba:07:be,-80,98:de:d0:ed:3f:24,-81,fc:ec:da:47:11:17,-72,fc:ec:da:47:15:3b,-76,,,,,,,,,,,,,,
h,c4:a3:66:ba:07:be,-80,98:de:d0:ed:3f:24,-81,fc:ec:da:47:11:17,-72,fc:ec:da:47:15:3b,-76,,,,,,,,,,,,,,
h,c4:a3:66:ba:07:be,-80,98:de:d0:ed:3f:24,-81,fc:ec:da:47:11:17,-72,fc:ec:da:47:15:3b,-76,,,,,,,,,,,,,,
h,c4:a3:66:ba:07:be,-80,98:de:d0:ed:3f:24,-81,fc:ec:da:47:11:17,-72,fc:ec:da:47:15:3b,-76,,,,,,,,,,,,,,
h,c4:a3:66:ba:07:be,-80,98:de:d0:ed:3f:24,-81,fc:ec:da:47:11:17,-72,fc:ec:da:47:15:3b,-76,,,,,,,,,,,,,,
h,c4:a3:66:ba:07:be,-80,98:de:d0:ed:3f:24,-81,fc:ec:da:47:11:17,-72,fc:ec:da:47:15:3b,-76,,,,,,,,,,,,,,
h,c4:a3:66:ba:07:be,-80,98:de:d0:ed:3f:24,-81,fc:ec:da:47:11:17,-72,fc:ec:da:47:15:3b,-76,,,,,,,,,,,,,,
h,c4:a3:66:ba:07:be,-80,98:de:d0:ed:3f:24,-79,fc:ec:da:47:11:17,-68,fc:ec:da:47:15:3b,-76,,,,,,,,,,,,,,
h,c4:a3:66:ba:07:be,-80,98:de:d0:ed:3f:24,-79,fc:ec:da:47:11:17,-68,fc:ec:da:47:15:3b,-76,,,,,,,,,,,,,,
h,c4:a3:66:ba:07:be,-80,98:de:d0:ed:3f:24,-79,fc:ec:da:47:11:17,-68,fc:ec:da:47:15:3b,-76,,,,,,,,,,,,,,
h,c4:a3:66:ba:07:be,-80,98:de:d0:ed:3f:24,-79,fc:ec:da:47:11:17,-68,fc:ec:da:47:15:3b,-76,,,,,,,,,,,,,,
h,c4:a3:66:ba:07:be,-80,98:de:d0:ed:3f:24,-79,fc:ec:da:47:11:17,-68,fc:ec:da:47:15:3b,-76,,,,,,,,,,,,,,
h,c4:a3:66:ba:07:be,-80,98:de:d0:ed:3f:24,-79,fc:ec:da:47:11:17,-68,fc:ec:da:47:15:3b,-76,,,,,,,,,,,,,,
h,c4:a3:66:ba:07:be,-80,98:de:d0:ed:3f:24,-79,fc:ec:da:47:11:17,-68,fc:ec:da:47:15:3b,-76,,,,,,,,,,,,,,
h,c4:a3:66:ba:07:be,-80,98:de:d0:ed:3f:24,-79,fc:ec:da:47:11:17,-68,fc:ec:da:47:15:3b,-76,,,,,,,,,,,,,,
i,c4:a3:66:ba:07:be,-80,98:de:d0:ed:3f:24,-77,fc:ec:da:47:11:17,-68,fc:ec:da:47:15:3b,-76,,,,,,,,,,,,,,
i,c4:a3:66:ba:07:be,-80,98:de:d0:ed:3f:24,-77,fc:ec:da:47:11:17,-65,fc:ec:da:47:15:3b,-76,,,,,,,,,,,,,,
i,c4:a3:66:ba:07:be,-80,98:de:d0:ed:3f:24,-77,fc:ec:da:47:11:17,-65,fc:ec:da:47:15:3b,-76,,,,,,,,,,,,,,
i,c4:a3:66:ba:07:be,-80,98:de:d0:ed:3f:24,-77,fc:ec:da:47:11:17,-65,fc:ec:da:47:15:3b,-76,,,,,,,,,,,,,,
i,c4:a3:66:ba:07:be,-80,98:de:d0:ed:3f:24,-77,fc:ec:da:47:11:17,-65,fc:ec:da:47:15:3b,-76,,,,,,,,,,,,,,
i,c4:a3:66:ba:07:be,-80,98:de:d0:ed:3f:24,-77,fc:ec:da:47:11:17,-65,fc:ec:da:47:15:3b,-76,,,,,,,,,,,,,,
i,c4:a3:66:ba:07:be,-80,98:de:d0:ed:3f:24,-77,fc:ec:da:47:11:17,-65,fc:ec:da:47:15:3b,-76,,,,,,,,,,,,,,
i,c4:a3:66:ba:07:be,-80,98:de:d0:ed:3f:24,-77,fc:ec:da:47:11:17,-67,fc:ec:da:47:15:3b,-76,,,,,,,,,,,,,,
i,c4:a3:66:ba:07:be,-80,98:de:d0:ed:3f:24,-77,fc:ec:da:47:11:17,-67,fc:ec:da:47:15:3b,-76,,,,,,,,,,,,,,
i,c4:a3:66:ba:07:be,-80,98:de:d0:ed:3f:24,-77,fc:ec:da:47:11:17,-67,fc:ec:da:47:15:3b,-76,,,,,,,,,,,,,,
i,c4:a3:66:ba:07:be,-80,98:de:d0:ed:3f:24,-77,fc:ec:da:47:11:17,-67,fc:ec:da:47:15:3b,-76,,,,,,,,,,,,,,
i,c4:a3:66:ba:07:be,-80,98:de:d0:ed:3f:24,-77,fc:ec:da:47:11:17,-67,fc:ec:da:47:15:3b,-76,,,,,,,,,,,,,,
i,c4:a3:66:ba:07:be,-80,98:de:d0:ed:3f:24,-77,fc:ec:da:47:11:17,-71,fc:ec:da:47:15:3b,-76,,,,,,,,,,,,,,
i,c4:a3:66:ba:07:be,-80,98:de:d0:ed:3f:24,-77,fc:ec:da:47:11:17,-71,fc:ec:da:47:15:3b,-76,,,,,,,,,,,,,,
i,c4:a3:66:ba:07:be,-80,98:de:d0:ed:3f:24,-77,fc:ec:da:47:11:17,-71,fc:ec:da:47:15:3b,-76,,,,,,,,,,,,,,
i,c4:a3:66:ba:07:be,-80,98:de:d0:ed:3f:24,-77,fc:ec:da:47:11:17,-71,fc:ec:da:47:15:3b,-76,,,,,,,,,,,,,,
i,c4:a3:66:ba:07:be,-80,98:de:d0:ed:3f:24,-77,fc:ec:da:47:11:17,-71,fc:ec:da:47:15:3b,-76,,,,,,,,,,,,,,
i,c4:a3:66:ba:07:be,-80,98:de:d0:ed:3f:24,-77,fc:ec:da:47:11:17,-75,fc:ec:da:47:15:3b,-76,,,,,,,,,,,,,,
i,c4:a3:66:ba:07:be,-80,98:de:d0:ed:3f:24,-77,fc:ec:da:47:11:17,-75,fc:ec:da:47:15:3b,-76,,,,,,,,,,,,,,
i,c4:a3:66:ba:07:be,-80,98:de:d0:ed:3f:24,-77,fc:ec:da:47:11:17,-75,fc:ec:da:47:15:3b,-76,,,,,,,,,,,,,,
j,c4:a3:66:ba:07:be,-84,98:de:d0:ed:3f:24,-77,fc:ec:da:47:11:17,-68,fc:ec:da:47:15:3b,-68,,,,,,,,,,,,,,
j,c4:a3:66:ba:07:be,-84,98:de:d0:ed:3f:24,-77,fc:ec:da:47:11:17,-68,fc:ec:da:47:15:3b,-68,,,,,,,,,,,,,,
j,c4:a3:66:ba:07:be,-84,98:de:d0:ed:3f:24,-77,fc:ec:da:47:11:17,-68,fc:ec:da:47:15:3b,-68,,,,,,,,,,,,,,
j,c4:a3:66:ba:07:be,-84,98:de:d0:ed:3f:24,-77,fc:ec:da:47:11:17,-68,fc:ec:da:47:15:3b,-68,,,,,,,,,,,,,,
j,c4:a3:66:ba:07:be,-84,98:de:d0:ed:3f:24,-77,fc:ec:da:47:11:17,-68,fc:ec:da:47:15:3b,-68,,,,,,,,,,,,,,
j,c4:a3:66:ba:07:be,-84,98:de:d0:ed:3f:24,-77,fc:ec:da:47:11:17,-69,fc:ec:da:47:15:3b,-68,,,,,,,,,,,,,,
j,c4:a3:66:ba:07:be,-84,98:de:d0:ed:3f:24,-77,fc:ec:da:47:11:17,-69,fc:ec:da:47:15:3b,-68,,,,,,,,,,,,,,
j,c4:a3:66:ba:07:be,-84,98:de:d0:ed:3f:24,-77,fc:ec:da:47:11:17,-69,fc:ec:da:47:15:3b,-68,,,,,,,,,,,,,,
j,c4:a3:66:ba:07:be,-84,98:de:d0:ed:3f:24,-77,fc:ec:da:47:11:17,-69,fc:ec:da:47:15:3b,-68,,,,,,,,,,,,,,
j,c4:a3:66:ba:07:be,-84,98:de:d0:ed:3f:24,-77,fc:ec:da:47:11:17,-69,fc:ec:da:47:15:3b,-68,,,,,,,,,,,,,,
j,c4:a3:66:ba:07:be,-84,98:de:d0:ed:3f:24,-77,fc:ec:da:47:11:17,-70,fc:ec:da:47:15:3b,-68,,,,,,,,,,,,,,
j,c4:a3:66:ba:07:be,-84,98:de:d0:ed:3f:24,-77,fc:ec:da:47:11:17,-70,fc:ec:da:47:15:3b,-68,,,,,,,,,,,,,,
j,c4:a3:66:ba:07:be,-84,98:de:d0:ed:3f:24,-77,fc:ec:da:47:11:17,-70,fc:ec:da:47:15:3b,-68,,,,,,,,,,,,,,
j,c4:a3:66:ba:07:be,-84,98:de:d0:ed:3f:24,-77,fc:ec:da:47:11:17,-70,fc:ec:da:47:15:3b,-68,,,,,,,,,,,,,,
j,c4:a3:66:ba:07:be,-84,98:de:d0:ed:3f:24,-77,fc:ec:da:47:11:17,-70,fc:ec:da:47:15:3b,-68,,,,,,,,,,,,,,
j,c4:a3:66:ba:07:be,-84,98:de:d0:ed:3f:24,-77,fc:ec:da:47:11:17,-70,fc:ec:da:47:15:3b,-68,,,,,,,,,,,,,,
j,c4:a3:66:ba:07:be,-84,98:de:d0:ed:3f:24,-77,fc:ec:da:47:11:17,-72,fc:ec:da:47:15:3b,-68,,,,,,,,,,,,,,
j,c4:a3:66:ba:07:be,-84,98:de:d0:ed:3f:24,-77,fc:ec:da:47:11:17,-72,fc:ec:da:47:15:3b,-68,,,,,,,,,,,,,,
j,c4:a3:66:ba:07:be,-84,98:de:d0:ed:3f:24,-77,fc:ec:da:47:11:17,-72,fc:ec:da:47:15:3b,-68,,,,,,,,,,,,,,
j,c4:a3:66:ba:07:be,-84,98:de:d0:ed:3f:24,-77,fc:ec:da:47:11:17,-72,fc:ec:da:47:15:3b,-68,,,,,,,,,,,,,,
k,c4:a3:66:ba:07:be,-84,98:de:d0:ed:3f:24,-81,fc:ec:da:47:11:17,-72,fc:ec:da:47:15:3b,-68,,,,,,,,,,,,,,
k,c4:a3:66:ba:07:be,-84,98:de:d0:ed:3f:24,-81,fc:ec:da:47:11:17,-72,fc:ec:da:47:15:3b,-68,,,,,,,,,,,,,,
k,c4:a3:66:ba:07:be,-84,98:de:d0:ed:3f:24,-81,fc:ec:da:47:11:17,-72,fc:ec:da:47:15:3b,-68,,,,,,,,,,,,,,
k,c4:a3:66:ba:07:be,-84,98:de:d0:ed:3f:24,-81,fc:ec:da:47:11:17,-72,fc:ec:da:47:15:3b,-68,,,,,,,,,,,,,,
k,c4:a3:66:ba:07:be,-84,98:de:d0:ed:3f:24,-81,fc:ec:da:47:11:17,-67,fc:ec:da:47:15:3b,-68,,,,,,,,,,,,,,
k,c4:a3:66:ba:07:be,-84,98:de:d0:ed:3f:24,-81,fc:ec:da:47:11:17,-67,fc:ec:da:47:15:3b,-68,,,,,,,,,,,,,,
k,c4:a3:66:ba:07:be,-84,98:de:d0:ed:3f:24,-81,fc:ec:da:47:11:17,-67,fc:ec:da:47:15:3b,-68,,,,,,,,,,,,,,
k,c4:a3:66:ba:07:be,-84,98:de:d0:ed:3f:24,-81,fc:ec:da:47:11:17,-67,fc:ec:da:47:15:3b,-68,,,,,,,,,,,,,,
k,c4:a3:66:ba:07:be,-84,98:de:d0:ed:3f:24,-81,fc:ec:da:47:11:17,-67,fc:ec:da:47:15:3b,-68,,,,,,,,,,,,,,
k,c4:a3:66:ba:07:be,-84,98:de:d0:ed:3f:24,-81,fc:ec:da:47:11:17,-71,fc:ec:da:47:15:3b,-68,,,,,,,,,,,,,,
k,c4:a3:66:ba:07:be,-84,98:de:d0:ed:3f:24,-81,fc:ec:da:47:11:17,-71,fc:ec:da:47:15:3b,-68,,,,,,,,,,,,,,
k,c4:a3:66:ba:07:be,-84,98:de:d0:ed:3f:24,-81,fc:ec:da:47:11:17,-71,fc:ec:da:47:15:3b,-68,,,,,,,,,,,,,,
k,c4:a3:66:ba:07:be,-84,98:de:d0:ed:3f:24,-81,fc:ec:da:47:11:17,-71,fc:ec:da:47:15:3b,-68,,,,,,,,,,,,,,
k,c4:a3:66:ba:07:be,-84,98:de:d0:ed:3f:24,-81,fc:ec:da:47:11:17,-71,fc:ec:da:47:15:3b,-68,,,,,,,,,,,,,,
k,c4:a3:66:ba:07:be,-84,98:de:d0:ed:3f:24,-81,fc:ec:da:47:11:17,-71,fc:ec:da:47:15:3b,-68,,,,,,,,,,,,,,
k,c4:a3:66:ba:07:be,-84,98:de:d0:ed:3f:24,-81,fc:ec:da:47:11:17,-74,fc:ec:da:47:15:3b,-68,,,,,,,,,,,,,,
k,c4:a3:66:ba:07:be,-84,98:de:d0:ed:3f:24,-81,fc:ec:da:47:11:17,-74,fc:ec:da:47:15:3b,-68,,,,,,,,,,,,,,
k,c4:a3:66:ba:07:be,-84,98:de:d0:ed:3f:24,-81,fc:ec:da:47:11:17,-74,fc:ec:da:47:15:3b,-68,,,,,,,,,,,,,,
k,c4:a3:66:ba:07:be,-84,98:de:d0:ed:3f:24,-81,fc:ec:da:47:11:17,-74,fc:ec:da:47:15:3b,-68,,,,,,,,,,,,,,
k,c4:a3:66:ba:07:be,-84,98:de:d0:ed:3f:24,-81,fc:ec:da:47:11:17,-74,fc:ec:da:47:15:3b,-68,,,,,,,,,,,,,,
l,c4:a3:66:ba:07:be,-84,98:de:d0:ed:3f:24,-87,fc:ec:da:47:11:17,-70,fc:ec:da:47:15:3b,-68,,,,,,,,,,,,,,
l,c4:a3:66:ba:07:be,-84,98:de:d0:ed:3f:24,-87,fc:ec:da:47:11:17,-70,fc:ec:da:47:15:3b,-68,,,,,,,,,,,,,,
l,c4:a3:66:ba:07:be,-84,98:de:d0:ed:3f:24,-87,fc:ec:da:47:11:17,-70,fc:ec:da:47:15:3b,-68,,,,,,,,,,,,,,
l,c4:a3:66:ba:07:be,-84,98:de:d0:ed:3f:24,-87,fc:ec:da:47:11:17,-73,fc:ec:da:47:15:3b,-68,,,,,,,,,,,,,,
l,c4:a3:66:ba:07:be,-84,98:de:d0:ed:3f:24,-87,fc:ec:da:47:11:17,-73,fc:ec:da:47:15:3b,-68,,,,,,,,,,,,,,
l,c4:a3:66:ba:07:be,-84,98:de:d0:ed:3f:24,-87,fc:ec:da:47:11:17,-73,fc:ec:da:47:15:3b,-68,,,,,,,,,,,,,,
l,c4:a3:66:ba:07:be,-84,98:de:d0:ed:3f:24,-87,fc:ec:da:47:11:17,-73,fc:ec:da:47:15:3b,-68,,,,,,,,,,,,,,
l,c4:a3:66:ba:07:be,-84,98:de:d0:ed:3f:24,-87,fc:ec:da:47:11:17,-73,fc:ec:da:47:15:3b,-68,,,,,,,,,,,,,,
l,c4:a3:66:ba:07:be,-84,98:de:d0:ed:3f:24,-87,fc:ec:da:47:11:17,-75,fc:ec:da:47:15:3b,-68,,,,,,,,,,,,,,
l,c4:a3:66:ba:07:be,-84,98:de:d0:ed:3f:24,-87,fc:ec:da:47:11:17,-75,fc:ec:da:47:15:3b,-68,,,,,,,,,,,,,,
l,c4:a3:66:ba:07:be,-84,98:de:d0:ed:3f:24,-87,fc:ec:da:47:11:17,-75,fc:ec:da:47:15:3b,-68,,,,,,,,,,,,,,
l,c4:a3:66:ba:07:be,-84,98:de:d0:ed:3f:24,-87,fc:ec:da:47:11:17,-75,fc:ec:da:47:15:3b,-68,,,,,,,,,,,,,,
l,c4:a3:66:ba:07:be,-84,98:de:d0:ed:3f:24,-87,fc:ec:da:47:11:17,-75,fc:ec:da:47:15:3b,-68,,,,,,,,,,,,,,
l,c4:a3:66:ba:07:be,-84,98:de:d0:ed:3f:24,-87,fc:ec:da:47:11:17,-75,fc:ec:da:47:15:3b,-68,,,,,,,,,,,,,,
l,c4:a3:66:ba:07:be,-84,98:de:d0:ed:3f:24,-87,fc:ec:da:47:11:17,-72,fc:ec:da:47:15:3b,-68,,,,,,,,,,,,,,
l,c4:a3:66:ba:07:be,-84,98:de:d0:ed:3f:24,-87,fc:ec:da:47:11:17,-72,fc:ec:da:47:15:3b,-68,,,,,,,,,,,,,,
l,c4:a3:66:ba:07:be,-84,98:de:d0:ed:3f:24,-87,fc:ec:da:47:11:17,-72,fc:ec:da:47:15:3b,-68,,,,,,,,,,,,,,
l,c4:a3:66:ba:07:be,-84,98:de:d0:ed:3f:24,-87,fc:ec:da:47:11:17,-72,fc:ec:da:47:15:3b,-68,,,,,,,,,,,,,,
l,c4:a3:66:ba:07:be,-84,98:de:d0:ed:3f:24,-87,fc:ec:da:47:11:17,-72,fc:ec:da:47:15:3b,-68,,,,,,,,,,,,,,
l,c4:a3:66:ba:07:be,-84,98:de:d0:ed:3f:24,-87,fc:ec:da:47:11:17,-72,fc:ec:da:47:15:3b,-68,,,,,,,,,,,,,,
